episode,reward,success,epsilon
1,-20.799999999999997,0.0,1.0
2,-22.6,0.0,1.0
3,-20.799999999999997,0.0,1.0
4,-22.6,0.0,1.0
5,-20.799999999999997,0.0,1.0
6,-17.2,0.0,1.0
7,-20.799999999999997,0.0,1.0
8,-15.4,0.0,0.9655206468094844
9,-22.6,0.0,0.9369146928798039
10,-21.7,0.0,0.9046104802746175
11,-22.6,0.0,0.8778091417340573
12,-19.9,0.0,0.8390886103705794
13,-19.9,0.0,0.8020760579717637
14,-20.799999999999997,0.0,0.7705488893118823
15,-21.7,0.0,0.7439808620067382
16,-18.1,0.0,0.7040696960536299
17,-20.799999999999997,0.0,0.6763948591909945
18,-19.9,0.0,0.6465587967553006
19,-22.6,0.0,0.6274028820538087
20,-20.799999999999997,0.0,0.6027415843082742
21,-19.9,0.0,0.5761543988830038
22,-16.299999999999997,0.0,0.5398075216808175
23,-19.0,0.0,0.5134164023722473
24,-19.9,0.0,0.4907693883854626
25,-19.9,0.0,0.46912134373457726
26,-14.5,0.0,0.4351424010585501
27,-19.0,0.0,0.41386834584198684
28,-17.2,0.0,0.3897078735047413
29,-20.799999999999997,0.0,0.3743896431025813
30,-19.9,0.0,0.3578751580867638
31,-19.0,0.0,0.3403786882983606
32,-19.9,0.0,0.3253644408394192
33,-19.0,0.0,0.30945741577570285
34,-19.0,0.0,0.2943280830920294
35,-14.5,0.0,0.2730095965279488
36,-16.3,0.0,0.25578670228422234
37,-19.0,0.0,0.24328132378095624
38,-18.1,0.0,0.23023039494318503
39,-19.0,0.0,0.2189744609715989
40,-20.799999999999997,0.0,0.21036724137609603
41,-19.9,0.0,0.2010878536592394
42,-19.0,0.0,0.1912566947289212
43,-20.799999999999997,0.0,0.18373897616330553
44,-18.1,0.0,0.17388222158237718
45,-19.9,0.0,0.1662122034722543
46,-16.299999999999997,0.0,0.1557266555690826
47,-19.9,0.0,0.14885748713096328
48,15.700000000000003,1.0,0.13946676683816583
49,-19.9,0.0,0.13331482894782642
50,-19.9,0.0,0.12743425563174798
51,-19.9,0.0,0.12181307688414106
52,-19.0,0.0,0.11585765144771248
53,-17.2,0.0,0.10909420695870241
54,-18.1,0.0,0.1032418023864836
55,-19.0,0.0,0.09819432413732986
56,-21.7,0.0,0.09480864735409487
57,-16.3,0.0,0.0888276147181114
58,-20.799999999999997,0.0,0.08533607153708872
59,-22.6,0.0,0.08280777787605056
60,-22.6,0.0,0.08035439121179945
61,-19.0,0.0,0.07642587550895225
62,-17.2,0.0,0.07196434741762824
63,-19.0,0.0,0.06844601986126451
64,-19.0,0.0,0.06509970288011008
65,-19.9,0.0,0.062228127537270826
66,-19.0,0.0,0.05918580250061433
67,-18.1,0.0,0.05601075525639029
68,-19.0,0.0,0.05327239673939179
69,-18.1,0.0,0.05041457663196215
70,-19.9,0.0,0.05
71,-19.9,0.0,0.05
72,-19.0,0.0,0.05
73,-19.9,0.0,0.05
74,-17.2,0.0,0.05
75,-18.1,0.0,0.05
76,-14.5,0.0,0.05
77,-17.2,0.0,0.05
78,-21.7,0.0,0.05
79,-19.9,0.0,0.05
80,-17.2,0.0,0.05
81,-17.2,0.0,0.05
82,-17.2,0.0,0.05
83,-16.3,0.0,0.05
84,-19.0,0.0,0.05
85,-19.0,0.0,0.05
86,-18.1,0.0,0.05
87,-16.3,0.0,0.05
88,-20.799999999999997,0.0,0.05
89,-18.1,0.0,0.05
90,-19.0,0.0,0.05
91,-21.7,0.0,0.05
92,-18.1,0.0,0.05
93,-17.200000000000003,0.0,0.05
94,8.2,1.0,0.05
95,-16.3,0.0,0.05
96,-15.4,0.0,0.05
97,-18.1,0.0,0.05
98,-19.9,0.0,0.05
99,-20.799999999999997,0.0,0.05
100,-22.6,0.0,0.05
101,-19.9,0.0,0.05
102,4.9,1.0,0.05
103,-18.1,0.0,0.05
104,-21.7,0.0,0.05
105,-19.9,0.0,0.05
106,-18.1,0.0,0.05
107,-16.3,0.0,0.05
108,-18.1,0.0,0.05
109,-18.1,0.0,0.05
110,-18.1,0.0,0.05
111,-19.0,0.0,0.05
112,-19.0,0.0,0.05
113,-19.0,0.0,0.05
114,-14.5,0.0,0.05
115,-19.9,0.0,0.05
116,-15.4,0.0,0.05
117,-18.1,0.0,0.05
118,-17.2,0.0,0.05
119,-16.3,0.0,0.05
120,-18.1,0.0,0.05
121,-16.3,0.0,0.05
122,-19.0,0.0,0.05
123,-19.9,0.0,0.05
124,-19.0,0.0,0.05
125,-19.9,0.0,0.05
126,-17.2,0.0,0.05
127,-20.799999999999997,0.0,0.05
128,-14.5,0.0,0.05
129,-19.0,0.0,0.05
130,-21.7,0.0,0.05
131,-19.9,0.0,0.05
132,-19.0,0.0,0.05
133,10.6,1.0,0.05
134,-19.9,0.0,0.05
135,-19.9,0.0,0.05
136,-20.799999999999997,0.0,0.05
137,-17.200000000000003,0.0,0.05
138,-19.9,0.0,0.05
139,-18.1,0.0,0.05
140,-19.0,0.0,0.05
141,-16.3,0.0,0.05
142,-16.3,0.0,0.05
143,-19.0,0.0,0.05
144,-18.1,0.0,0.05
145,4.9,1.0,0.05
146,-19.0,0.0,0.05
147,-20.799999999999997,0.0,0.05
148,-19.0,0.0,0.05
149,-14.5,0.0,0.05
150,-14.5,0.0,0.05
151,-19.0,0.0,0.05
152,-19.9,0.0,0.05
153,-18.1,0.0,0.05
154,-19.9,0.0,0.05
155,-20.799999999999997,0.0,0.05
156,-18.1,0.0,0.05
157,-20.799999999999997,0.0,0.05
158,-17.2,0.0,0.05
159,-21.7,0.0,0.05
160,-18.1,0.0,0.05
161,-19.0,0.0,0.05
162,-18.1,0.0,0.05
163,-19.0,0.0,0.05
164,-19.9,0.0,0.05
165,-20.799999999999997,0.0,0.05
166,-21.7,0.0,0.05
167,-19.0,0.0,0.05
168,-20.799999999999997,0.0,0.05
169,-19.9,0.0,0.05
170,-18.1,0.0,0.05
171,-19.9,0.0,0.05
172,-21.7,0.0,0.05
173,-19.9,0.0,0.05
174,-17.2,0.0,0.05
175,-17.2,0.0,0.05
176,-18.1,0.0,0.05
177,-19.0,0.0,0.05
178,-15.4,0.0,0.05
179,-20.799999999999997,0.0,0.05
180,-19.9,0.0,0.05
181,-19.0,0.0,0.05
182,-19.9,0.0,0.05
183,-19.9,0.0,0.05
184,-18.1,0.0,0.05
185,-20.799999999999997,0.0,0.05
186,-17.2,0.0,0.05
187,-16.299999999999997,0.0,0.05
188,-19.0,0.0,0.05
189,-17.2,0.0,0.05
190,-16.3,0.0,0.05
191,-15.4,0.0,0.05
192,-19.0,0.0,0.05
193,-20.799999999999997,0.0,0.05
194,-19.0,0.0,0.05
195,-18.1,0.0,0.05
196,-19.9,0.0,0.05
197,-16.3,0.0,0.05
198,-16.299999999999997,0.0,0.05
199,-14.5,0.0,0.05
200,-19.0,0.0,0.05
201,-20.799999999999997,0.0,0.05
202,-19.0,0.0,0.05
203,-19.0,0.0,0.05
204,-21.7,0.0,0.05
205,7.0,1.0,0.05
206,-17.2,0.0,0.05
207,8.8,1.0,0.05
208,-20.799999999999997,0.0,0.05
209,7.9,1.0,0.05
210,-15.4,0.0,0.05
211,-17.2,0.0,0.05
212,-22.6,0.0,0.05
213,-17.2,0.0,0.05
214,-21.7,0.0,0.05
215,10.0,1.0,0.05
216,-19.9,0.0,0.05
217,-20.799999999999997,0.0,0.05
218,-18.099999999999998,0.0,0.05
219,-20.799999999999997,0.0,0.05
220,-18.099999999999998,0.0,0.05
221,-17.2,0.0,0.05
222,-15.4,0.0,0.05
223,-19.0,0.0,0.05
224,-19.0,0.0,0.05
225,-18.099999999999998,0.0,0.05
226,-16.3,0.0,0.05
227,9.7,1.0,0.05
228,-18.099999999999998,0.0,0.05
229,-20.799999999999997,0.0,0.05
230,-18.099999999999998,0.0,0.05
231,-15.4,0.0,0.05
232,-17.2,0.0,0.05
233,-17.199999999999996,0.0,0.05
234,-20.799999999999997,0.0,0.05
235,-19.0,0.0,0.05
236,7.6,1.0,0.05
237,-22.6,0.0,0.05
238,-21.7,0.0,0.05
239,-18.1,0.0,0.05
240,-19.0,0.0,0.05
241,-19.9,0.0,0.05
242,-19.9,0.0,0.05
243,6.1000000000000005,1.0,0.05
244,-20.799999999999997,0.0,0.05
245,-18.1,0.0,0.05
246,-14.5,0.0,0.05
247,-17.2,0.0,0.05
248,8.8,1.0,0.05
249,9.399999999999999,1.0,0.05
250,-18.1,0.0,0.05
251,-22.6,0.0,0.05
252,-17.199999999999996,0.0,0.05
253,-16.3,0.0,0.05
254,-21.7,0.0,0.05
255,-17.2,0.0,0.05
256,8.8,1.0,0.05
257,-19.9,0.0,0.05
258,-20.799999999999997,0.0,0.05
259,-21.7,0.0,0.05
260,-19.0,0.0,0.05
261,-21.7,0.0,0.05
262,-19.0,0.0,0.05
263,-17.2,0.0,0.05
264,-22.6,0.0,0.05
265,-14.5,0.0,0.05
266,-20.799999999999997,0.0,0.05
267,-20.799999999999997,0.0,0.05
268,-22.6,0.0,0.05
269,-19.9,0.0,0.05
270,-17.200000000000003,0.0,0.05
271,-21.7,0.0,0.05
272,-16.299999999999997,0.0,0.05
273,-20.799999999999997,0.0,0.05
274,-22.6,0.0,0.05
275,-21.7,0.0,0.05
276,-14.5,0.0,0.05
277,-18.1,0.0,0.05
278,-19.9,0.0,0.05
279,-20.799999999999997,0.0,0.05
280,9.7,1.0,0.05
281,-17.199999999999996,0.0,0.05
282,-19.9,0.0,0.05
283,-18.1,0.0,0.05
284,4.900000000000002,1.0,0.05
285,-19.0,0.0,0.05
286,-19.9,0.0,0.05
287,8.8,1.0,0.05
288,8.8,1.0,0.05
289,-19.0,0.0,0.05
290,6.699999999999999,1.0,0.05
291,-19.9,0.0,0.05
292,-15.4,0.0,0.05
293,-18.099999999999998,0.0,0.05
294,9.399999999999999,1.0,0.05
295,4.0,1.0,0.05
296,-16.3,0.0,0.05
297,-21.7,0.0,0.05
298,-14.5,0.0,0.05
299,-21.7,0.0,0.05
300,-18.1,0.0,0.05
301,-17.199999999999996,0.0,0.05
302,-21.7,0.0,0.05
303,-19.9,0.0,0.05
304,-18.099999999999998,0.0,0.05
305,-19.0,0.0,0.05
306,-15.4,0.0,0.05
307,-19.0,0.0,0.05
308,-19.9,0.0,0.05
309,11.5,1.0,0.05
310,13.6,1.0,0.05
311,-20.799999999999997,0.0,0.05
312,-20.799999999999997,0.0,0.05
313,-18.1,0.0,0.05
314,-19.9,0.0,0.05
315,-19.0,0.0,0.05
316,-19.0,0.0,0.05
317,-21.7,0.0,0.05
318,-19.0,0.0,0.05
319,-20.799999999999997,0.0,0.05
320,-14.5,0.0,0.05
321,-16.299999999999997,0.0,0.05
322,-19.9,0.0,0.05
323,-20.799999999999997,0.0,0.05
324,-19.0,0.0,0.05
325,-18.099999999999998,0.0,0.05
326,-20.799999999999997,0.0,0.05
327,-19.0,0.0,0.05
328,-19.9,0.0,0.05
329,-19.0,0.0,0.05
330,-16.3,0.0,0.05
331,-19.0,0.0,0.05
332,5.8000000000000025,1.0,0.05
333,-21.7,0.0,0.05
334,-21.7,0.0,0.05
335,6.7,1.0,0.05
336,5.200000000000001,1.0,0.05
337,-16.3,0.0,0.05
338,-21.7,0.0,0.05
339,-16.3,0.0,0.05
340,-15.4,0.0,0.05
341,-19.0,0.0,0.05
342,-19.0,0.0,0.05
343,4.9,1.0,0.05
344,5.8000000000000025,1.0,0.05
345,-21.7,0.0,0.05
346,-21.7,0.0,0.05
347,-20.799999999999997,0.0,0.05
348,-19.9,0.0,0.05
349,-18.1,0.0,0.05
350,-19.0,0.0,0.05
351,-20.799999999999997,0.0,0.05
352,-19.0,0.0,0.05
353,-20.799999999999997,0.0,0.05
354,4.000000000000002,1.0,0.05
355,-19.0,0.0,0.05
356,8.2,1.0,0.05
357,-18.1,0.0,0.05
358,-19.0,0.0,0.05
359,-19.9,0.0,0.05
360,-19.0,0.0,0.05
361,3.1000000000000014,1.0,0.05
362,-15.4,0.0,0.05
363,12.700000000000001,1.0,0.05
364,-22.6,0.0,0.05
365,-16.3,0.0,0.05
366,4.900000000000002,1.0,0.05
367,-16.299999999999997,0.0,0.05
368,-16.299999999999997,0.0,0.05
369,-16.299999999999997,0.0,0.05
370,-20.799999999999997,0.0,0.05
371,-17.199999999999996,0.0,0.05
372,-14.5,0.0,0.05
373,-20.799999999999997,0.0,0.05
374,-18.1,0.0,0.05
375,-19.0,0.0,0.05
376,-19.9,0.0,0.05
377,-15.4,0.0,0.05
378,-19.9,0.0,0.05
379,-16.3,0.0,0.05
380,-16.3,0.0,0.05
381,-19.0,0.0,0.05
382,-19.9,0.0,0.05
383,7.6,1.0,0.05
384,-16.3,0.0,0.05
385,-22.6,0.0,0.05
386,8.8,1.0,0.05
387,-14.5,0.0,0.05
388,-20.799999999999997,0.0,0.05
389,6.1,1.0,0.05
390,-16.299999999999997,0.0,0.05
391,-20.799999999999997,0.0,0.05
392,-22.6,0.0,0.05
393,-17.199999999999996,0.0,0.05
394,9.400000000000002,1.0,0.05
395,-18.1,0.0,0.05
396,-17.2,0.0,0.05
397,-19.9,0.0,0.05
398,-20.799999999999997,0.0,0.05
399,-20.799999999999997,0.0,0.05
400,-17.2,0.0,0.05
401,-15.4,0.0,0.05
402,5.200000000000001,1.0,0.05
403,-20.799999999999997,0.0,0.05
404,-22.6,0.0,0.05
405,9.7,1.0,0.05
406,-20.799999999999997,0.0,0.05
407,-14.5,0.0,0.05
408,-17.2,0.0,0.05
409,-15.399999999999997,0.0,0.05
410,-15.399999999999997,0.0,0.05
411,10.9,1.0,0.05
412,-19.0,0.0,0.05
413,-17.2,0.0,0.05
414,-19.9,0.0,0.05
415,-18.1,0.0,0.05
416,-19.0,0.0,0.05
417,-21.7,0.0,0.05
418,-18.1,0.0,0.05
419,-13.600000000000001,0.0,0.05
420,-19.0,0.0,0.05
421,-17.2,0.0,0.05
422,-18.099999999999998,0.0,0.05
423,-13.6,0.0,0.05
424,-19.9,0.0,0.05
425,-19.0,0.0,0.05
426,4.000000000000002,1.0,0.05
427,-21.7,0.0,0.05
428,-19.0,0.0,0.05
429,-15.4,0.0,0.05
430,-18.099999999999998,0.0,0.05
431,-17.200000000000003,0.0,0.05
432,-22.6,0.0,0.05
433,-17.200000000000003,0.0,0.05
434,-18.1,0.0,0.05
435,-19.0,0.0,0.05
436,-19.0,0.0,0.05
437,-17.2,0.0,0.05
438,-18.099999999999998,0.0,0.05
439,-19.0,0.0,0.05
440,-21.7,0.0,0.05
441,9.7,1.0,0.05
442,12.7,1.0,0.05
443,-22.6,0.0,0.05
444,-14.5,0.0,0.05
445,-13.6,0.0,0.05
446,-20.799999999999997,0.0,0.05
447,-16.3,0.0,0.05
448,-14.5,0.0,0.05
449,-17.2,0.0,0.05
450,-19.0,0.0,0.05
451,-18.1,0.0,0.05
452,7.300000000000001,1.0,0.05
453,-20.799999999999997,0.0,0.05
454,-18.1,0.0,0.05
455,-17.2,0.0,0.05
456,-17.2,0.0,0.05
457,-18.1,0.0,0.05
458,-16.299999999999997,0.0,0.05
459,-17.2,0.0,0.05
460,7.8999999999999995,1.0,0.05
461,-21.7,0.0,0.05
462,-14.5,0.0,0.05
463,-17.199999999999996,0.0,0.05
464,-16.3,0.0,0.05
465,-19.9,0.0,0.05
466,-16.3,0.0,0.05
467,7.0,1.0,0.05
468,-19.9,0.0,0.05
469,-16.299999999999997,0.0,0.05
470,-20.799999999999997,0.0,0.05
471,-19.0,0.0,0.05
472,-20.799999999999997,0.0,0.05
473,-19.9,0.0,0.05
474,-22.6,0.0,0.05
475,-17.2,0.0,0.05
476,-21.7,0.0,0.05
477,-21.7,0.0,0.05
478,-21.7,0.0,0.05
479,-19.9,0.0,0.05
480,-18.1,0.0,0.05
481,-19.0,0.0,0.05
482,-22.6,0.0,0.05
483,-17.199999999999996,0.0,0.05
484,-16.299999999999997,0.0,0.05
485,13.9,1.0,0.05
486,-20.799999999999997,0.0,0.05
487,-18.1,0.0,0.05
488,-18.1,0.0,0.05
489,-17.199999999999996,0.0,0.05
490,-16.3,0.0,0.05
491,-20.799999999999997,0.0,0.05
492,-18.099999999999998,0.0,0.05
493,-19.9,0.0,0.05
494,-19.9,0.0,0.05
495,-19.0,0.0,0.05
496,-18.099999999999998,0.0,0.05
497,-18.1,0.0,0.05
498,-17.2,0.0,0.05
499,-20.799999999999997,0.0,0.05
500,-17.200000000000003,0.0,0.05
501,-19.9,0.0,0.05
502,-22.6,0.0,0.05
503,-20.799999999999997,0.0,0.05
504,11.5,1.0,0.05
505,-17.2,0.0,0.05
506,-17.2,0.0,0.05
507,-20.799999999999997,0.0,0.05
508,4.900000000000002,1.0,0.05
509,-19.0,0.0,0.05
510,15.7,1.0,0.05
511,-22.6,0.0,0.05
512,-19.0,0.0,0.05
513,-21.7,0.0,0.05
514,-20.799999999999997,0.0,0.05
515,5.799999999999999,1.0,0.05
516,9.7,1.0,0.05
517,-19.0,0.0,0.05
518,-19.0,0.0,0.05
519,-13.6,0.0,0.05
520,-21.7,0.0,0.05
521,-18.1,0.0,0.05
522,-17.2,0.0,0.05
523,-18.1,0.0,0.05
524,-19.0,0.0,0.05
525,-16.299999999999997,0.0,0.05
526,-20.799999999999997,0.0,0.05
527,-20.799999999999997,0.0,0.05
528,-19.9,0.0,0.05
529,-17.199999999999996,0.0,0.05
530,-17.2,0.0,0.05
531,-21.7,0.0,0.05
532,6.100000000000001,1.0,0.05
533,-20.799999999999997,0.0,0.05
534,8.5,1.0,0.05
535,-20.799999999999997,0.0,0.05
536,-20.799999999999997,0.0,0.05
537,-20.799999999999997,0.0,0.05
538,7.0,1.0,0.05
539,-16.3,0.0,0.05
540,9.7,1.0,0.05
541,-20.799999999999997,0.0,0.05
542,-20.799999999999997,0.0,0.05
543,-19.9,0.0,0.05
544,-21.7,0.0,0.05
545,-20.799999999999997,0.0,0.05
546,-18.099999999999998,0.0,0.05
547,-19.0,0.0,0.05
548,-18.1,0.0,0.05
549,-19.9,0.0,0.05
550,-20.799999999999997,0.0,0.05
551,-19.0,0.0,0.05
552,7.9,1.0,0.05
553,7.0,1.0,0.05
554,-20.799999999999997,0.0,0.05
555,-20.799999999999997,0.0,0.05
556,5.800000000000001,1.0,0.05
557,-16.299999999999997,0.0,0.05
558,-20.799999999999997,0.0,0.05
559,-21.7,0.0,0.05
560,-16.299999999999997,0.0,0.05
561,-21.7,0.0,0.05
562,10.9,1.0,0.05
563,-19.9,0.0,0.05
564,-18.1,0.0,0.05
565,-20.799999999999997,0.0,0.05
566,-22.6,0.0,0.05
567,-21.7,0.0,0.05
568,9.399999999999999,1.0,0.05
569,-21.7,0.0,0.05
570,-17.2,0.0,0.05
571,-17.200000000000003,0.0,0.05
572,-21.7,0.0,0.05
573,-18.099999999999998,0.0,0.05
574,-20.799999999999997,0.0,0.05
575,16.900000000000002,1.0,0.05
576,-22.6,0.0,0.05
577,-21.7,0.0,0.05
578,-19.0,0.0,0.05
579,-18.1,0.0,0.05
580,-15.399999999999997,0.0,0.05
581,-21.7,0.0,0.05
582,-19.9,0.0,0.05
583,5.200000000000001,1.0,0.05
584,-16.299999999999997,0.0,0.05
585,-20.799999999999997,0.0,0.05
586,-19.0,0.0,0.05
587,8.799999999999999,1.0,0.05
588,-21.7,0.0,0.05
589,-16.3,0.0,0.05
590,-21.7,0.0,0.05
591,-16.299999999999997,0.0,0.05
592,-18.099999999999998,0.0,0.05
593,-18.099999999999998,0.0,0.05
594,-20.799999999999997,0.0,0.05
595,-16.3,0.0,0.05
596,-22.6,0.0,0.05
597,-22.6,0.0,0.05
598,-19.0,0.0,0.05
599,-18.1,0.0,0.05
600,6.7,1.0,0.05
601,-21.7,0.0,0.05
602,-19.9,0.0,0.05
603,6.699999999999999,1.0,0.05
604,-17.2,0.0,0.05
605,-17.200000000000003,0.0,0.05
606,5.200000000000001,1.0,0.05
607,-17.2,0.0,0.05
608,-19.9,0.0,0.05
609,-19.0,0.0,0.05
610,-21.7,0.0,0.05
611,-22.6,0.0,0.05
612,-19.9,0.0,0.05
613,12.1,1.0,0.05
614,-17.199999999999996,0.0,0.05
615,-19.9,0.0,0.05
616,-20.799999999999997,0.0,0.05
617,-17.200000000000003,0.0,0.05
618,5.8000000000000025,1.0,0.05
619,-20.799999999999997,0.0,0.05
620,-22.6,0.0,0.05
621,-19.9,0.0,0.05
622,-22.6,0.0,0.05
623,7.6,1.0,0.05
624,-19.0,0.0,0.05
625,-15.4,0.0,0.05
626,4.900000000000002,1.0,0.05
627,-20.799999999999997,0.0,0.05
628,-18.099999999999998,0.0,0.05
629,-19.9,0.0,0.05
630,-19.0,0.0,0.05
631,7.6,1.0,0.05
632,4.000000000000002,1.0,0.05
633,-21.7,0.0,0.05
634,-19.9,0.0,0.05
635,-19.0,0.0,0.05
636,-21.7,0.0,0.05
637,-18.1,0.0,0.05
638,-19.0,0.0,0.05
639,-19.0,0.0,0.05
640,-15.4,0.0,0.05
641,-20.799999999999997,0.0,0.05
642,-20.799999999999997,0.0,0.05
643,-19.9,0.0,0.05
644,-21.7,0.0,0.05
645,-19.9,0.0,0.05
646,-17.2,0.0,0.05
647,-15.399999999999999,0.0,0.05
648,9.7,1.0,0.05
649,-20.799999999999997,0.0,0.05
650,-21.7,0.0,0.05
651,-16.3,0.0,0.05
652,-18.1,0.0,0.05
653,10.0,1.0,0.05
654,-18.099999999999998,0.0,0.05
655,-20.799999999999997,0.0,0.05
656,-17.2,0.0,0.05
657,-20.799999999999997,0.0,0.05
658,-21.7,0.0,0.05
659,-18.1,0.0,0.05
660,-16.3,0.0,0.05
661,-19.9,0.0,0.05
662,-15.4,0.0,0.05
663,7.6,1.0,0.05
664,-20.799999999999997,0.0,0.05
665,-20.799999999999997,0.0,0.05
666,-21.7,0.0,0.05
667,-21.7,0.0,0.05
668,-21.7,0.0,0.05
669,-20.799999999999997,0.0,0.05
670,-19.0,0.0,0.05
671,8.8,1.0,0.05
672,7.900000000000001,1.0,0.05
673,-20.799999999999997,0.0,0.05
674,-19.0,0.0,0.05
675,-19.0,0.0,0.05
676,8.8,1.0,0.05
677,-17.2,0.0,0.05
678,-19.0,0.0,0.05
679,-20.799999999999997,0.0,0.05
680,-17.2,0.0,0.05
681,-19.9,0.0,0.05
682,-20.799999999999997,0.0,0.05
683,-20.799999999999997,0.0,0.05
684,-22.6,0.0,0.05
685,-21.7,0.0,0.05
686,-19.0,0.0,0.05
687,-16.299999999999997,0.0,0.05
688,-14.5,0.0,0.05
689,-22.6,0.0,0.05
690,-20.799999999999997,0.0,0.05
691,-14.5,0.0,0.05
692,-17.2,0.0,0.05
693,-21.7,0.0,0.05
694,-13.6,0.0,0.05
695,-22.6,0.0,0.05
696,-19.9,0.0,0.05
697,-20.799999999999997,0.0,0.05
698,-20.799999999999997,0.0,0.05
699,-11.8,0.0,0.05
700,-19.0,0.0,0.05
701,-22.6,0.0,0.05
702,-13.6,0.0,0.05
703,-21.7,0.0,0.05
704,-14.5,0.0,0.05
705,-22.6,0.0,0.05
706,-21.7,0.0,0.05
707,-16.299999999999997,0.0,0.05
708,-18.1,0.0,0.05
709,-19.0,0.0,0.05
710,-22.6,0.0,0.05
711,-19.9,0.0,0.05
712,-16.299999999999997,0.0,0.05
713,11.5,1.0,0.05
714,-18.1,0.0,0.05
715,-19.0,0.0,0.05
716,-16.3,0.0,0.05
717,-21.7,0.0,0.05
718,-19.0,0.0,0.05
719,-19.9,0.0,0.05
720,-19.9,0.0,0.05
721,-16.3,0.0,0.05
722,-13.6,0.0,0.05
723,-17.2,0.0,0.05
724,-20.799999999999997,0.0,0.05
725,-17.2,0.0,0.05
726,2.200000000000001,1.0,0.05
727,-15.399999999999999,0.0,0.05
728,-21.7,0.0,0.05
729,-22.6,0.0,0.05
730,-22.6,0.0,0.05
731,-19.9,0.0,0.05
732,-17.2,0.0,0.05
733,-19.0,0.0,0.05
734,-20.799999999999997,0.0,0.05
735,-16.3,0.0,0.05
736,-17.2,0.0,0.05
737,-18.099999999999998,0.0,0.05
738,16.3,1.0,0.05
739,-18.099999999999998,0.0,0.05
740,4.300000000000001,1.0,0.05
741,-17.2,0.0,0.05
742,-21.7,0.0,0.05
743,-14.5,0.0,0.05
744,-22.6,0.0,0.05
745,-22.6,0.0,0.05
746,-20.799999999999997,0.0,0.05
747,14.8,1.0,0.05
748,-19.0,0.0,0.05
749,-19.9,0.0,0.05
750,-21.7,0.0,0.05
751,-18.1,0.0,0.05
752,-20.799999999999997,0.0,0.05
753,-21.7,0.0,0.05
754,-16.299999999999997,0.0,0.05
755,-19.0,0.0,0.05
756,-18.099999999999998,0.0,0.05
757,-22.6,0.0,0.05
758,-19.0,0.0,0.05
759,-18.1,0.0,0.05
760,-21.7,0.0,0.05
761,-18.099999999999998,0.0,0.05
762,-16.3,0.0,0.05
763,-15.4,0.0,0.05
764,-17.2,0.0,0.05
765,4.9,1.0,0.05
766,-19.9,0.0,0.05
767,-21.7,0.0,0.05
768,-19.0,0.0,0.05
769,-21.7,0.0,0.05
770,-21.7,0.0,0.05
771,-22.6,0.0,0.05
772,-21.7,0.0,0.05
773,-20.799999999999997,0.0,0.05
774,-22.6,0.0,0.05
775,-17.199999999999996,0.0,0.05
776,-21.7,0.0,0.05
777,-19.0,0.0,0.05
778,-21.7,0.0,0.05
779,-19.9,0.0,0.05
780,-21.7,0.0,0.05
781,-19.9,0.0,0.05
782,-22.6,0.0,0.05
783,-19.9,0.0,0.05
784,-20.799999999999997,0.0,0.05
785,-21.7,0.0,0.05
786,-17.199999999999996,0.0,0.05
787,-19.0,0.0,0.05
788,7.600000000000001,1.0,0.05
789,-18.1,0.0,0.05
790,-13.6,0.0,0.05
791,-19.9,0.0,0.05
792,-22.6,0.0,0.05
793,-21.7,0.0,0.05
794,-19.9,0.0,0.05
795,-19.9,0.0,0.05
796,-21.7,0.0,0.05
797,-15.4,0.0,0.05
798,-17.2,0.0,0.05
799,-19.0,0.0,0.05
800,7.600000000000003,1.0,0.05
801,-15.4,0.0,0.05
802,-19.9,0.0,0.05
803,-22.6,0.0,0.05
804,10.0,1.0,0.05
805,4.900000000000002,1.0,0.05
806,-19.9,0.0,0.05
807,-19.0,0.0,0.05
808,7.9,1.0,0.05
809,-21.7,0.0,0.05
810,-19.9,0.0,0.05
811,-17.199999999999996,0.0,0.05
812,-20.799999999999997,0.0,0.05
813,-20.799999999999997,0.0,0.05
814,-22.6,0.0,0.05
815,-19.9,0.0,0.05
816,-18.099999999999998,0.0,0.05
817,-21.7,0.0,0.05
818,-19.9,0.0,0.05
819,-19.9,0.0,0.05
820,-21.7,0.0,0.05
821,-20.799999999999997,0.0,0.05
822,-15.4,0.0,0.05
823,-20.799999999999997,0.0,0.05
824,-19.0,0.0,0.05
825,-21.7,0.0,0.05
826,-19.0,0.0,0.05
827,-18.099999999999998,0.0,0.05
828,8.8,1.0,0.05
829,-18.1,0.0,0.05
830,-20.799999999999997,0.0,0.05
831,-20.799999999999997,0.0,0.05
832,-17.200000000000003,0.0,0.05
833,-21.7,0.0,0.05
834,-20.799999999999997,0.0,0.05
835,-18.099999999999998,0.0,0.05
836,-19.0,0.0,0.05
837,-19.0,0.0,0.05
838,-19.9,0.0,0.05
839,-19.0,0.0,0.05
840,-21.7,0.0,0.05
841,-19.9,0.0,0.05
842,-22.6,0.0,0.05
843,-19.9,0.0,0.05
844,-18.099999999999998,0.0,0.05
845,-22.6,0.0,0.05
846,4.8999999999999995,1.0,0.05
847,-19.0,0.0,0.05
848,-20.799999999999997,0.0,0.05
849,-19.0,0.0,0.05
850,-22.6,0.0,0.05
851,-21.7,0.0,0.05
852,-19.9,0.0,0.05
853,-21.7,0.0,0.05
854,-19.9,0.0,0.05
855,-19.0,0.0,0.05
856,7.8999999999999995,1.0,0.05
857,-19.9,0.0,0.05
858,-18.1,0.0,0.05
859,6.100000000000001,1.0,0.05
860,-21.7,0.0,0.05
861,-19.0,0.0,0.05
862,-14.5,0.0,0.05
863,-14.5,0.0,0.05
864,-14.5,0.0,0.05
865,-17.2,0.0,0.05
866,-18.1,0.0,0.05
867,-20.799999999999997,0.0,0.05
868,-22.6,0.0,0.05
869,-16.299999999999997,0.0,0.05
870,-18.099999999999998,0.0,0.05
871,-22.6,0.0,0.05
872,-16.3,0.0,0.05
873,-19.0,0.0,0.05
874,-20.799999999999997,0.0,0.05
875,-18.099999999999998,0.0,0.05
876,-19.9,0.0,0.05
877,-15.4,0.0,0.05
878,-21.7,0.0,0.05
879,-22.6,0.0,0.05
880,-19.9,0.0,0.05
881,-21.7,0.0,0.05
882,-20.799999999999997,0.0,0.05
883,-19.9,0.0,0.05
884,12.100000000000001,1.0,0.05
885,-19.9,0.0,0.05
886,-19.0,0.0,0.05
887,-15.4,0.0,0.05
888,-22.6,0.0,0.05
889,-21.7,0.0,0.05
890,-19.0,0.0,0.05
891,-22.6,0.0,0.05
892,-15.4,0.0,0.05
893,-19.9,0.0,0.05
894,10.9,1.0,0.05
895,-21.7,0.0,0.05
896,14.8,1.0,0.05
897,-21.7,0.0,0.05
898,-22.6,0.0,0.05
899,-21.7,0.0,0.05
900,-21.7,0.0,0.05
901,-15.4,0.0,0.05
902,11.5,1.0,0.05
903,9.1,1.0,0.05
904,-22.6,0.0,0.05
905,-20.799999999999997,0.0,0.05
906,-19.0,0.0,0.05
907,-20.799999999999997,0.0,0.05
908,8.8,1.0,0.05
909,-17.2,0.0,0.05
910,-17.199999999999996,0.0,0.05
911,-19.9,0.0,0.05
912,-20.799999999999997,0.0,0.05
913,-20.799999999999997,0.0,0.05
914,6.100000000000001,1.0,0.05
915,-19.0,0.0,0.05
916,-17.2,0.0,0.05
917,-15.4,0.0,0.05
918,-16.3,0.0,0.05
919,7.000000000000002,1.0,0.05
920,-20.799999999999997,0.0,0.05
921,-18.1,0.0,0.05
922,-19.9,0.0,0.05
923,-19.9,0.0,0.05
924,-19.9,0.0,0.05
925,-16.3,0.0,0.05
926,-16.299999999999997,0.0,0.05
927,-20.799999999999997,0.0,0.05
928,-19.9,0.0,0.05
929,-13.6,0.0,0.05
930,5.800000000000001,1.0,0.05
931,-17.200000000000003,0.0,0.05
932,-22.6,0.0,0.05
933,-20.799999999999997,0.0,0.05
934,-16.3,0.0,0.05
935,8.8,1.0,0.05
936,-19.0,0.0,0.05
937,-17.2,0.0,0.05
938,-19.0,0.0,0.05
939,-17.2,0.0,0.05
940,-20.799999999999997,0.0,0.05
941,-20.799999999999997,0.0,0.05
942,-20.799999999999997,0.0,0.05
943,-18.1,0.0,0.05
944,-19.0,0.0,0.05
945,-17.199999999999996,0.0,0.05
946,7.000000000000002,1.0,0.05
947,-17.199999999999996,0.0,0.05
948,-21.7,0.0,0.05
949,-19.9,0.0,0.05
950,-21.7,0.0,0.05
951,-19.0,0.0,0.05
952,7.8999999999999995,1.0,0.05
953,6.100000000000001,1.0,0.05
954,-20.799999999999997,0.0,0.05
955,-14.5,0.0,0.05
956,-19.0,0.0,0.05
957,-15.399999999999999,0.0,0.05
958,-21.7,0.0,0.05
959,10.299999999999999,1.0,0.05
960,7.6,1.0,0.05
961,-19.9,0.0,0.05
962,-20.799999999999997,0.0,0.05
963,-20.799999999999997,0.0,0.05
964,-21.7,0.0,0.05
965,-20.799999999999997,0.0,0.05
966,-18.1,0.0,0.05
967,-17.200000000000003,0.0,0.05
968,-22.6,0.0,0.05
969,-19.9,0.0,0.05
970,4.8999999999999995,1.0,0.05
971,-17.199999999999996,0.0,0.05
972,-19.9,0.0,0.05
973,-16.3,0.0,0.05
974,-20.799999999999997,0.0,0.05
975,10.9,1.0,0.05
976,-22.6,0.0,0.05
977,-19.9,0.0,0.05
978,-19.9,0.0,0.05
979,-22.6,0.0,0.05
980,-20.799999999999997,0.0,0.05
981,-21.7,0.0,0.05
982,-18.1,0.0,0.05
983,6.7,1.0,0.05
984,-19.0,0.0,0.05
985,-22.6,0.0,0.05
986,-21.7,0.0,0.05
987,15.7,1.0,0.05
988,-19.0,0.0,0.05
989,-22.6,0.0,0.05
990,-22.6,0.0,0.05
991,-19.0,0.0,0.05
992,-21.7,0.0,0.05
993,6.100000000000001,1.0,0.05
994,-21.7,0.0,0.05
995,9.7,1.0,0.05
996,-19.0,0.0,0.05
997,9.399999999999999,1.0,0.05
998,8.8,1.0,0.05
999,10.9,1.0,0.05
1000,9.7,1.0,0.05
1001,-18.099999999999998,0.0,0.05
1002,-19.9,0.0,0.05
1003,-19.9,0.0,0.05
1004,-19.9,0.0,0.05
1005,-19.9,0.0,0.05
1006,-21.7,0.0,0.05
1007,-14.5,0.0,0.05
1008,-19.0,0.0,0.05
1009,-17.199999999999996,0.0,0.05
1010,-20.799999999999997,0.0,0.05
1011,-21.7,0.0,0.05
1012,-18.099999999999998,0.0,0.05
1013,-16.3,0.0,0.05
1014,-15.4,0.0,0.05
1015,8.5,1.0,0.05
1016,-19.9,0.0,0.05
1017,-20.799999999999997,0.0,0.05
1018,7.900000000000001,1.0,0.05
1019,-16.299999999999997,0.0,0.05
1020,-18.1,0.0,0.05
1021,-18.1,0.0,0.05
1022,-14.5,0.0,0.05
1023,-20.799999999999997,0.0,0.05
1024,-20.799999999999997,0.0,0.05
1025,-15.4,0.0,0.05
1026,-19.0,0.0,0.05
1027,-20.799999999999997,0.0,0.05
1028,-15.4,0.0,0.05
1029,-13.600000000000001,0.0,0.05
1030,-16.3,0.0,0.05
1031,8.2,1.0,0.05
1032,-20.799999999999997,0.0,0.05
1033,-19.9,0.0,0.05
1034,-21.7,0.0,0.05
1035,-18.099999999999998,0.0,0.05
1036,-17.2,0.0,0.05
1037,-18.1,0.0,0.05
1038,-15.399999999999997,0.0,0.05
1039,-22.6,0.0,0.05
1040,-17.2,0.0,0.05
1041,-20.799999999999997,0.0,0.05
1042,-16.3,0.0,0.05
1043,-15.4,0.0,0.05
1044,-17.200000000000003,0.0,0.05
1045,-20.799999999999997,0.0,0.05
1046,-19.0,0.0,0.05
1047,6.700000000000001,1.0,0.05
1048,-17.200000000000003,0.0,0.05
1049,-19.0,0.0,0.05
1050,9.1,1.0,0.05
1051,-18.1,0.0,0.05
1052,-17.2,0.0,0.05
1053,-19.0,0.0,0.05
1054,-19.9,0.0,0.05
1055,8.8,1.0,0.05
1056,-21.7,0.0,0.05
1057,6.100000000000001,1.0,0.05
1058,-20.799999999999997,0.0,0.05
1059,7.600000000000003,1.0,0.05
1060,4.900000000000002,1.0,0.05
1061,-20.799999999999997,0.0,0.05
1062,-20.799999999999997,0.0,0.05
1063,9.1,1.0,0.05
1064,-18.099999999999998,0.0,0.05
1065,-21.7,0.0,0.05
1066,-19.9,0.0,0.05
1067,-19.0,0.0,0.05
1068,-17.199999999999996,0.0,0.05
1069,-16.299999999999997,0.0,0.05
1070,-19.9,0.0,0.05
1071,9.1,1.0,0.05
1072,-15.4,0.0,0.05
1073,-21.7,0.0,0.05
1074,-21.7,0.0,0.05
1075,-16.3,0.0,0.05
1076,-16.3,0.0,0.05
1077,-14.5,0.0,0.05
1078,7.6,1.0,0.05
1079,-16.299999999999997,0.0,0.05
1080,7.300000000000001,1.0,0.05
1081,-20.799999999999997,0.0,0.05
1082,4.8999999999999995,1.0,0.05
1083,-20.799999999999997,0.0,0.05
1084,-20.799999999999997,0.0,0.05
1085,-20.799999999999997,0.0,0.05
1086,-19.0,0.0,0.05
1087,-19.0,0.0,0.05
1088,-15.399999999999997,0.0,0.05
1089,-14.5,0.0,0.05
1090,-18.1,0.0,0.05
1091,-20.799999999999997,0.0,0.05
1092,-19.0,0.0,0.05
1093,-19.9,0.0,0.05
1094,-19.0,0.0,0.05
1095,12.1,1.0,0.05
1096,-19.0,0.0,0.05
1097,8.5,1.0,0.05
1098,-19.9,0.0,0.05
1099,-19.0,0.0,0.05
1100,-15.4,0.0,0.05
1101,-22.6,0.0,0.05
1102,-21.7,0.0,0.05
1103,-22.6,0.0,0.05
1104,-21.7,0.0,0.05
1105,7.9,1.0,0.05
1106,-22.6,0.0,0.05
1107,-20.799999999999997,0.0,0.05
1108,-19.9,0.0,0.05
1109,-22.6,0.0,0.05
1110,-19.9,0.0,0.05
1111,-18.1,0.0,0.05
1112,7.8999999999999995,1.0,0.05
1113,-19.0,0.0,0.05
1114,9.7,1.0,0.05
1115,-21.7,0.0,0.05
1116,-16.299999999999997,0.0,0.05
1117,-17.199999999999996,0.0,0.05
1118,-19.0,0.0,0.05
1119,-22.6,0.0,0.05
1120,-19.0,0.0,0.05
1121,-20.799999999999997,0.0,0.05
1122,-19.0,0.0,0.05
1123,-21.7,0.0,0.05
1124,-19.0,0.0,0.05
1125,-18.099999999999998,0.0,0.05
1126,6.1000000000000005,1.0,0.05
1127,10.6,1.0,0.05
1128,-12.7,0.0,0.05
1129,-19.0,0.0,0.05
1130,7.6,1.0,0.05
1131,-16.299999999999997,0.0,0.05
1132,-18.1,0.0,0.05
1133,-17.2,0.0,0.05
1134,-18.099999999999998,0.0,0.05
1135,-18.1,0.0,0.05
1136,4.000000000000002,1.0,0.05
1137,-22.6,0.0,0.05
1138,-19.0,0.0,0.05
1139,-21.7,0.0,0.05
1140,-19.9,0.0,0.05
1141,-17.200000000000003,0.0,0.05
1142,6.700000000000001,1.0,0.05
1143,-20.799999999999997,0.0,0.05
1144,-12.7,0.0,0.05
1145,-22.6,0.0,0.05
1146,-17.199999999999996,0.0,0.05
1147,-17.2,0.0,0.05
1148,4.900000000000002,1.0,0.05
1149,-16.3,0.0,0.05
1150,4.000000000000002,1.0,0.05
1151,-15.4,0.0,0.05
1152,-19.0,0.0,0.05
1153,12.4,1.0,0.05
1154,-16.299999999999997,0.0,0.05
1155,-20.799999999999997,0.0,0.05
1156,-20.799999999999997,0.0,0.05
1157,-17.200000000000003,0.0,0.05
1158,-22.6,0.0,0.05
1159,-20.799999999999997,0.0,0.05
1160,-19.0,0.0,0.05
1161,9.7,1.0,0.05
1162,-20.799999999999997,0.0,0.05
1163,-19.9,0.0,0.05
1164,12.399999999999999,1.0,0.05
1165,-18.099999999999998,0.0,0.05
1166,-19.9,0.0,0.05
1167,-18.099999999999998,0.0,0.05
1168,-20.799999999999997,0.0,0.05
1169,-16.3,0.0,0.05
1170,-15.4,0.0,0.05
1171,-19.9,0.0,0.05
1172,-20.799999999999997,0.0,0.05
1173,-19.9,0.0,0.05
1174,-18.099999999999998,0.0,0.05
1175,-19.0,0.0,0.05
1176,-20.799999999999997,0.0,0.05
1177,4.900000000000002,1.0,0.05
1178,-17.2,0.0,0.05
1179,-20.799999999999997,0.0,0.05
1180,-21.7,0.0,0.05
1181,4.9,1.0,0.05
1182,6.700000000000003,1.0,0.05
1183,-20.799999999999997,0.0,0.05
1184,-19.0,0.0,0.05
1185,-20.799999999999997,0.0,0.05
1186,-19.9,0.0,0.05
1187,-17.2,0.0,0.05
1188,-19.9,0.0,0.05
1189,7.900000000000001,1.0,0.05
1190,-17.200000000000003,0.0,0.05
1191,9.7,1.0,0.05
1192,-21.7,0.0,0.05
1193,-21.7,0.0,0.05
1194,-18.1,0.0,0.05
1195,-13.600000000000001,0.0,0.05
1196,-20.799999999999997,0.0,0.05
1197,-16.3,0.0,0.05
1198,-14.5,0.0,0.05
1199,9.1,1.0,0.05
1200,-17.2,0.0,0.05
1201,-21.7,0.0,0.05
1202,-22.6,0.0,0.05
1203,-22.6,0.0,0.05
1204,-19.0,0.0,0.05
1205,-16.3,0.0,0.05
1206,4.900000000000002,1.0,0.05
1207,10.6,1.0,0.05
1208,8.5,1.0,0.05
1209,5.8,1.0,0.05
1210,-19.0,0.0,0.05
1211,-16.3,0.0,0.05
1212,-18.1,0.0,0.05
1213,-19.0,0.0,0.05
1214,-21.7,0.0,0.05
1215,-18.099999999999998,0.0,0.05
1216,-21.7,0.0,0.05
1217,-21.7,0.0,0.05
1218,-14.5,0.0,0.05
1219,-17.2,0.0,0.05
1220,-19.9,0.0,0.05
1221,-21.7,0.0,0.05
1222,7.6,1.0,0.05
1223,-21.7,0.0,0.05
1224,-18.099999999999998,0.0,0.05
1225,-19.9,0.0,0.05
1226,-19.0,0.0,0.05
1227,-17.2,0.0,0.05
1228,-17.2,0.0,0.05
1229,-19.0,0.0,0.05
1230,-17.2,0.0,0.05
1231,-18.099999999999998,0.0,0.05
1232,6.100000000000001,1.0,0.05
1233,-21.7,0.0,0.05
1234,-19.9,0.0,0.05
1235,-18.1,0.0,0.05
1236,-19.9,0.0,0.05
1237,-19.0,0.0,0.05
1238,6.100000000000001,1.0,0.05
1239,-19.9,0.0,0.05
1240,-21.7,0.0,0.05
1241,-17.2,0.0,0.05
1242,-18.1,0.0,0.05
1243,-20.799999999999997,0.0,0.05
1244,-16.3,0.0,0.05
1245,-15.4,0.0,0.05
1246,7.9,1.0,0.05
1247,-18.1,0.0,0.05
1248,-21.7,0.0,0.05
1249,-20.799999999999997,0.0,0.05
1250,-19.9,0.0,0.05
1251,-19.9,0.0,0.05
1252,-21.7,0.0,0.05
1253,-21.7,0.0,0.05
1254,-19.9,0.0,0.05
1255,-20.799999999999997,0.0,0.05
1256,-15.4,0.0,0.05
1257,-14.5,0.0,0.05
1258,-17.2,0.0,0.05
1259,-16.3,0.0,0.05
1260,-16.3,0.0,0.05
1261,-18.099999999999998,0.0,0.05
1262,-18.1,0.0,0.05
1263,8.5,1.0,0.05
1264,-15.4,0.0,0.05
1265,12.1,1.0,0.05
1266,-20.799999999999997,0.0,0.05
1267,-17.2,0.0,0.05
1268,-16.299999999999997,0.0,0.05
1269,-18.1,0.0,0.05
1270,-17.2,0.0,0.05
1271,-22.6,0.0,0.05
1272,-16.3,0.0,0.05
1273,-19.9,0.0,0.05
1274,11.2,1.0,0.05
1275,-19.0,0.0,0.05
1276,-19.9,0.0,0.05
1277,-22.6,0.0,0.05
1278,-16.299999999999997,0.0,0.05
1279,-14.5,0.0,0.05
1280,10.9,1.0,0.05
1281,-20.799999999999997,0.0,0.05
1282,8.500000000000004,1.0,0.05
1283,11.2,1.0,0.05
1284,-15.4,0.0,0.05
1285,-18.1,0.0,0.05
1286,-17.199999999999996,0.0,0.05
1287,10.0,1.0,0.05
1288,-16.3,0.0,0.05
1289,-15.4,0.0,0.05
1290,-15.4,0.0,0.05
1291,10.6,1.0,0.05
1292,-19.9,0.0,0.05
1293,-17.2,0.0,0.05
1294,-20.799999999999997,0.0,0.05
1295,10.600000000000001,1.0,0.05
1296,-19.0,0.0,0.05
1297,-19.0,0.0,0.05
1298,-16.3,0.0,0.05
1299,11.5,1.0,0.05
1300,-18.1,0.0,0.05
1301,-19.9,0.0,0.05
1302,9.4,1.0,0.05
1303,-17.200000000000003,0.0,0.05
1304,-19.0,0.0,0.05
1305,-11.8,0.0,0.05
1306,-19.9,0.0,0.05
1307,-16.299999999999997,0.0,0.05
1308,-22.6,0.0,0.05
1309,-21.7,0.0,0.05
1310,9.7,1.0,0.05
1311,6.100000000000001,1.0,0.05
1312,-17.2,0.0,0.05
1313,-19.0,0.0,0.05
1314,-20.799999999999997,0.0,0.05
1315,-17.2,0.0,0.05
1316,-19.9,0.0,0.05
1317,-17.2,0.0,0.05
1318,-19.0,0.0,0.05
1319,5.8000000000000025,1.0,0.05
1320,-19.0,0.0,0.05
1321,-19.9,0.0,0.05
1322,-21.7,0.0,0.05
1323,-21.7,0.0,0.05
1324,-20.799999999999997,0.0,0.05
1325,-22.6,0.0,0.05
1326,-21.7,0.0,0.05
1327,-13.6,0.0,0.05
1328,-20.799999999999997,0.0,0.05
1329,4.000000000000002,1.0,0.05
1330,-18.1,0.0,0.05
1331,-19.9,0.0,0.05
1332,-16.3,0.0,0.05
1333,10.6,1.0,0.05
1334,8.5,1.0,0.05
1335,-16.3,0.0,0.05
1336,-19.0,0.0,0.05
1337,-19.0,0.0,0.05
1338,-21.7,0.0,0.05
1339,-18.1,0.0,0.05
1340,-22.6,0.0,0.05
1341,-19.0,0.0,0.05
1342,-21.7,0.0,0.05
1343,-16.3,0.0,0.05
1344,6.1,1.0,0.05
1345,-18.1,0.0,0.05
1346,-19.0,0.0,0.05
1347,-22.6,0.0,0.05
1348,-19.0,0.0,0.05
1349,-19.0,0.0,0.05
1350,6.699999999999999,1.0,0.05
1351,-21.7,0.0,0.05
1352,7.8999999999999995,1.0,0.05
1353,-20.799999999999997,0.0,0.05
1354,-22.6,0.0,0.05
1355,5.800000000000001,1.0,0.05
1356,-21.7,0.0,0.05
1357,11.8,1.0,0.05
1358,-19.0,0.0,0.05
1359,-19.9,0.0,0.05
1360,-20.799999999999997,0.0,0.05
1361,7.900000000000001,1.0,0.05
1362,-19.0,0.0,0.05
1363,-17.2,0.0,0.05
1364,-20.799999999999997,0.0,0.05
1365,-19.9,0.0,0.05
1366,-17.2,0.0,0.05
1367,-19.9,0.0,0.05
1368,4.0,1.0,0.05
1369,-20.799999999999997,0.0,0.05
1370,-19.9,0.0,0.05
1371,10.3,1.0,0.05
1372,4.900000000000002,1.0,0.05
1373,-18.1,0.0,0.05
1374,6.700000000000001,1.0,0.05
1375,-14.5,0.0,0.05
1376,-22.6,0.0,0.05
1377,-19.9,0.0,0.05
1378,6.699999999999999,1.0,0.05
1379,-22.6,0.0,0.05
1380,14.5,1.0,0.05
1381,-19.0,0.0,0.05
1382,-20.799999999999997,0.0,0.05
1383,-19.0,0.0,0.05
1384,-18.1,0.0,0.05
1385,5.8,1.0,0.05
1386,10.0,1.0,0.05
1387,4.9,1.0,0.05
1388,-18.1,0.0,0.05
1389,-16.3,0.0,0.05
1390,-16.3,0.0,0.05
1391,-17.200000000000003,0.0,0.05
1392,-21.7,0.0,0.05
1393,-20.799999999999997,0.0,0.05
1394,-19.9,0.0,0.05
1395,-20.799999999999997,0.0,0.05
1396,-17.2,0.0,0.05
1397,-20.799999999999997,0.0,0.05
1398,10.6,1.0,0.05
1399,12.700000000000001,1.0,0.05
1400,-16.3,0.0,0.05
1401,-17.2,0.0,0.05
1402,-17.2,0.0,0.05
1403,-12.7,0.0,0.05
1404,-15.4,0.0,0.05
1405,-16.3,0.0,0.05
1406,8.5,1.0,0.05
1407,-14.5,0.0,0.05
1408,-16.299999999999997,0.0,0.05
1409,5.800000000000001,1.0,0.05
1410,-18.1,0.0,0.05
1411,5.8,1.0,0.05
1412,-19.0,0.0,0.05
1413,-18.1,0.0,0.05
1414,-22.6,0.0,0.05
1415,-17.2,0.0,0.05
1416,6.1000000000000005,1.0,0.05
1417,-22.6,0.0,0.05
1418,-15.4,0.0,0.05
1419,-19.9,0.0,0.05
1420,-19.9,0.0,0.05
1421,-19.0,0.0,0.05
1422,-16.299999999999997,0.0,0.05
1423,-15.4,0.0,0.05
1424,-16.3,0.0,0.05
1425,-19.9,0.0,0.05
1426,-20.799999999999997,0.0,0.05
1427,8.8,1.0,0.05
1428,-16.299999999999997,0.0,0.05
1429,-18.1,0.0,0.05
1430,-17.2,0.0,0.05
1431,-16.3,0.0,0.05
1432,5.8000000000000025,1.0,0.05
1433,-22.6,0.0,0.05
1434,-22.6,0.0,0.05
1435,6.699999999999999,1.0,0.05
1436,-20.799999999999997,0.0,0.05
1437,-19.9,0.0,0.05
1438,-21.7,0.0,0.05
1439,-20.799999999999997,0.0,0.05
1440,-17.2,0.0,0.05
1441,-20.799999999999997,0.0,0.05
1442,6.100000000000001,1.0,0.05
1443,-19.0,0.0,0.05
1444,10.9,1.0,0.05
1445,-17.200000000000003,0.0,0.05
1446,6.699999999999999,1.0,0.05
1447,-20.799999999999997,0.0,0.05
1448,-12.700000000000001,0.0,0.05
1449,-19.0,0.0,0.05
1450,-20.799999999999997,0.0,0.05
1451,10.9,1.0,0.05
1452,-19.0,0.0,0.05
1453,-21.7,0.0,0.05
1454,-19.0,0.0,0.05
1455,-21.7,0.0,0.05
1456,-20.799999999999997,0.0,0.05
1457,-21.7,0.0,0.05
1458,-19.9,0.0,0.05
1459,-19.0,0.0,0.05
1460,-16.299999999999997,0.0,0.05
1461,-17.2,0.0,0.05
1462,-18.099999999999998,0.0,0.05
1463,-18.099999999999998,0.0,0.05
1464,8.5,1.0,0.05
1465,6.1000000000000005,1.0,0.05
1466,-12.700000000000001,0.0,0.05
1467,10.0,1.0,0.05
1468,-19.9,0.0,0.05
1469,-18.1,0.0,0.05
1470,-14.5,0.0,0.05
1471,-14.5,0.0,0.05
1472,8.8,1.0,0.05
1473,-20.799999999999997,0.0,0.05
1474,-14.5,0.0,0.05
1475,10.0,1.0,0.05
1476,-17.2,0.0,0.05
1477,7.900000000000001,1.0,0.05
1478,-19.9,0.0,0.05
1479,5.8000000000000025,1.0,0.05
1480,8.2,1.0,0.05
1481,-19.0,0.0,0.05
1482,-21.7,0.0,0.05
1483,-19.9,0.0,0.05
1484,-18.1,0.0,0.05
1485,-19.9,0.0,0.05
1486,-19.0,0.0,0.05
1487,-18.099999999999998,0.0,0.05
1488,-19.0,0.0,0.05
1489,-22.6,0.0,0.05
1490,-20.799999999999997,0.0,0.05
1491,-19.0,0.0,0.05
1492,-12.700000000000001,0.0,0.05
1493,-19.0,0.0,0.05
1494,-20.799999999999997,0.0,0.05
1495,4.900000000000002,1.0,0.05
1496,-18.1,0.0,0.05
1497,-19.9,0.0,0.05
1498,-19.0,0.0,0.05
1499,-22.6,0.0,0.05
1500,-19.9,0.0,0.05
1501,-22.6,0.0,0.05
1502,-18.1,0.0,0.05
1503,-19.0,0.0,0.05
1504,-19.0,0.0,0.05
1505,-19.0,0.0,0.05
1506,-16.299999999999997,0.0,0.05
1507,-21.7,0.0,0.05
1508,-22.6,0.0,0.05
1509,-19.0,0.0,0.05
1510,-20.799999999999997,0.0,0.05
1511,-19.0,0.0,0.05
1512,-18.099999999999998,0.0,0.05
1513,-21.7,0.0,0.05
1514,-15.399999999999999,0.0,0.05
1515,-18.1,0.0,0.05
1516,-19.9,0.0,0.05
1517,-22.6,0.0,0.05
1518,-17.199999999999996,0.0,0.05
1519,-19.0,0.0,0.05
1520,-20.799999999999997,0.0,0.05
1521,-19.0,0.0,0.05
1522,-18.099999999999998,0.0,0.05
1523,-21.7,0.0,0.05
1524,-21.7,0.0,0.05
1525,-21.7,0.0,0.05
1526,10.3,1.0,0.05
1527,-18.099999999999998,0.0,0.05
1528,-18.099999999999998,0.0,0.05
1529,-19.0,0.0,0.05
1530,-20.799999999999997,0.0,0.05
1531,-19.0,0.0,0.05
1532,-19.0,0.0,0.05
1533,-18.099999999999998,0.0,0.05
1534,-19.0,0.0,0.05
1535,-22.6,0.0,0.05
1536,7.6,1.0,0.05
1537,-19.9,0.0,0.05
1538,-19.0,0.0,0.05
1539,-20.799999999999997,0.0,0.05
1540,-12.7,0.0,0.05
1541,-12.700000000000001,0.0,0.05
1542,-22.6,0.0,0.05
1543,9.399999999999999,1.0,0.05
1544,-22.6,0.0,0.05
1545,-18.099999999999998,0.0,0.05
1546,-17.199999999999996,0.0,0.05
1547,-13.600000000000001,0.0,0.05
1548,-20.799999999999997,0.0,0.05
1549,-20.799999999999997,0.0,0.05
1550,-21.7,0.0,0.05
1551,8.500000000000004,1.0,0.05
1552,-20.799999999999997,0.0,0.05
1553,-22.6,0.0,0.05
1554,-16.299999999999997,0.0,0.05
1555,-19.9,0.0,0.05
1556,-19.0,0.0,0.05
1557,-16.3,0.0,0.05
1558,4.000000000000002,1.0,0.05
1559,-15.399999999999999,0.0,0.05
1560,-21.7,0.0,0.05
1561,-20.799999999999997,0.0,0.05
1562,-19.9,0.0,0.05
1563,-19.0,0.0,0.05
1564,-20.799999999999997,0.0,0.05
1565,-17.199999999999996,0.0,0.05
1566,-16.299999999999997,0.0,0.05
1567,-17.2,0.0,0.05
1568,-22.6,0.0,0.05
1569,-18.1,0.0,0.05
1570,-21.7,0.0,0.05
1571,-22.6,0.0,0.05
1572,6.700000000000001,1.0,0.05
1573,8.799999999999999,1.0,0.05
1574,11.5,1.0,0.05
1575,-19.9,0.0,0.05
1576,-16.299999999999997,0.0,0.05
1577,-19.9,0.0,0.05
1578,-15.4,0.0,0.05
1579,-19.9,0.0,0.05
1580,-21.7,0.0,0.05
1581,-17.2,0.0,0.05
1582,-16.3,0.0,0.05
1583,-18.1,0.0,0.05
1584,-21.7,0.0,0.05
1585,5.200000000000001,1.0,0.05
1586,-17.199999999999996,0.0,0.05
1587,7.900000000000001,1.0,0.05
1588,7.6,1.0,0.05
1589,7.6,1.0,0.05
1590,-21.7,0.0,0.05
1591,-19.0,0.0,0.05
1592,-17.199999999999996,0.0,0.05
1593,4.900000000000002,1.0,0.05
1594,-21.7,0.0,0.05
1595,-21.7,0.0,0.05
1596,-22.6,0.0,0.05
1597,-19.0,0.0,0.05
1598,-18.099999999999998,0.0,0.05
1599,-21.7,0.0,0.05
1600,-16.299999999999997,0.0,0.05
1601,-19.0,0.0,0.05
1602,-19.9,0.0,0.05
1603,-15.399999999999999,0.0,0.05
1604,-20.799999999999997,0.0,0.05
1605,-21.7,0.0,0.05
1606,-19.9,0.0,0.05
1607,-17.199999999999996,0.0,0.05
1608,-19.9,0.0,0.05
1609,-20.799999999999997,0.0,0.05
1610,7.000000000000002,1.0,0.05
1611,6.700000000000001,1.0,0.05
1612,2.200000000000001,1.0,0.05
1613,4.9,1.0,0.05
1614,-17.200000000000003,0.0,0.05
1615,-20.799999999999997,0.0,0.05
1616,-14.5,0.0,0.05
1617,-19.9,0.0,0.05
1618,-19.9,0.0,0.05
1619,10.6,1.0,0.05
1620,-18.1,0.0,0.05
1621,-20.799999999999997,0.0,0.05
1622,-17.2,0.0,0.05
1623,-17.2,0.0,0.05
1624,-19.9,0.0,0.05
1625,6.700000000000003,1.0,0.05
1626,9.7,1.0,0.05
1627,-17.2,0.0,0.05
1628,-17.2,0.0,0.05
1629,-19.9,0.0,0.05
1630,-19.0,0.0,0.05
1631,-21.7,0.0,0.05
1632,-19.0,0.0,0.05
1633,-22.6,0.0,0.05
1634,-21.7,0.0,0.05
1635,-21.7,0.0,0.05
1636,-19.0,0.0,0.05
1637,-18.099999999999998,0.0,0.05
1638,-16.299999999999997,0.0,0.05
1639,-18.099999999999998,0.0,0.05
1640,-14.5,0.0,0.05
1641,-18.099999999999998,0.0,0.05
1642,-12.7,0.0,0.05
1643,-18.099999999999998,0.0,0.05
1644,-19.0,0.0,0.05
1645,-19.9,0.0,0.05
1646,-18.099999999999998,0.0,0.05
1647,4.8999999999999995,1.0,0.05
1648,-16.299999999999997,0.0,0.05
1649,-19.9,0.0,0.05
1650,-16.299999999999997,0.0,0.05
1651,-20.799999999999997,0.0,0.05
1652,-19.0,0.0,0.05
1653,-19.0,0.0,0.05
1654,-21.7,0.0,0.05
1655,-17.2,0.0,0.05
1656,-20.799999999999997,0.0,0.05
1657,7.9,1.0,0.05
1658,7.600000000000001,1.0,0.05
1659,-21.7,0.0,0.05
1660,-22.6,0.0,0.05
1661,6.699999999999999,1.0,0.05
1662,-17.199999999999996,0.0,0.05
1663,-19.9,0.0,0.05
1664,-20.799999999999997,0.0,0.05
1665,-20.799999999999997,0.0,0.05
1666,-16.299999999999997,0.0,0.05
1667,-21.7,0.0,0.05
1668,-18.1,0.0,0.05
1669,-21.7,0.0,0.05
1670,-18.099999999999998,0.0,0.05
1671,-21.7,0.0,0.05
1672,-20.799999999999997,0.0,0.05
1673,-21.7,0.0,0.05
1674,5.799999999999999,1.0,0.05
1675,-20.799999999999997,0.0,0.05
1676,-21.7,0.0,0.05
1677,-19.0,0.0,0.05
1678,-19.9,0.0,0.05
1679,7.0,1.0,0.05
1680,6.700000000000003,1.0,0.05
1681,-17.2,0.0,0.05
1682,-18.1,0.0,0.05
1683,-18.1,0.0,0.05
1684,-22.6,0.0,0.05
1685,-18.1,0.0,0.05
1686,9.1,1.0,0.05
1687,-19.0,0.0,0.05
1688,-19.9,0.0,0.05
1689,-18.099999999999998,0.0,0.05
1690,-19.9,0.0,0.05
1691,-16.299999999999997,0.0,0.05
1692,-20.799999999999997,0.0,0.05
1693,-17.199999999999996,0.0,0.05
1694,-21.7,0.0,0.05
1695,10.9,1.0,0.05
1696,-20.799999999999997,0.0,0.05
1697,-16.299999999999997,0.0,0.05
1698,13.3,1.0,0.05
1699,-21.7,0.0,0.05
1700,7.8999999999999995,1.0,0.05
1701,-20.799999999999997,0.0,0.05
1702,-17.2,0.0,0.05
1703,-19.0,0.0,0.05
1704,-16.3,0.0,0.05
1705,-21.7,0.0,0.05
1706,-22.6,0.0,0.05
1707,5.800000000000002,1.0,0.05
1708,-22.6,0.0,0.05
1709,-21.7,0.0,0.05
1710,-15.4,0.0,0.05
1711,7.9,1.0,0.05
1712,8.8,1.0,0.05
1713,-20.799999999999997,0.0,0.05
1714,-21.7,0.0,0.05
1715,-20.799999999999997,0.0,0.05
1716,7.9,1.0,0.05
1717,-20.799999999999997,0.0,0.05
1718,-19.9,0.0,0.05
1719,-13.6,0.0,0.05
1720,-18.1,0.0,0.05
1721,-17.2,0.0,0.05
1722,8.8,1.0,0.05
1723,-22.6,0.0,0.05
1724,-20.799999999999997,0.0,0.05
1725,-19.0,0.0,0.05
1726,-20.799999999999997,0.0,0.05
1727,-21.7,0.0,0.05
1728,-19.0,0.0,0.05
1729,-19.9,0.0,0.05
1730,-20.799999999999997,0.0,0.05
1731,-21.7,0.0,0.05
1732,-18.1,0.0,0.05
1733,-21.7,0.0,0.05
1734,-17.2,0.0,0.05
1735,-19.9,0.0,0.05
1736,-17.2,0.0,0.05
1737,-21.7,0.0,0.05
1738,-20.799999999999997,0.0,0.05
1739,-19.0,0.0,0.05
1740,-13.6,0.0,0.05
1741,-21.7,0.0,0.05
1742,-15.4,0.0,0.05
1743,-20.799999999999997,0.0,0.05
1744,-17.199999999999996,0.0,0.05
1745,-18.099999999999998,0.0,0.05
1746,12.4,1.0,0.05
1747,-19.9,0.0,0.05
1748,-13.6,0.0,0.05
1749,-17.2,0.0,0.05
1750,-14.5,0.0,0.05
1751,-18.1,0.0,0.05
1752,5.800000000000002,1.0,0.05
1753,-21.7,0.0,0.05
1754,-15.4,0.0,0.05
1755,-18.099999999999998,0.0,0.05
1756,4.000000000000002,1.0,0.05
1757,-19.0,0.0,0.05
1758,-19.9,0.0,0.05
1759,-18.1,0.0,0.05
1760,-19.9,0.0,0.05
1761,-18.099999999999998,0.0,0.05
1762,-17.2,0.0,0.05
1763,-19.0,0.0,0.05
1764,-15.399999999999997,0.0,0.05
1765,-14.5,0.0,0.05
1766,5.8000000000000025,1.0,0.05
1767,-19.0,0.0,0.05
1768,-20.799999999999997,0.0,0.05
1769,10.9,1.0,0.05
1770,-16.3,0.0,0.05
1771,-22.6,0.0,0.05
1772,-19.0,0.0,0.05
1773,-21.7,0.0,0.05
1774,-22.6,0.0,0.05
1775,-19.0,0.0,0.05
1776,-19.9,0.0,0.05
1777,-21.7,0.0,0.05
1778,-21.7,0.0,0.05
1779,-20.799999999999997,0.0,0.05
1780,-21.7,0.0,0.05
1781,-19.9,0.0,0.05
1782,-21.7,0.0,0.05
1783,-19.0,0.0,0.05
1784,-15.4,0.0,0.05
1785,-19.0,0.0,0.05
1786,-22.6,0.0,0.05
1787,-19.9,0.0,0.05
1788,-19.0,0.0,0.05
1789,-21.7,0.0,0.05
1790,-15.399999999999999,0.0,0.05
1791,-20.799999999999997,0.0,0.05
1792,-17.2,0.0,0.05
1793,-21.7,0.0,0.05
1794,-18.1,0.0,0.05
1795,-18.1,0.0,0.05
1796,-19.9,0.0,0.05
1797,-17.2,0.0,0.05
1798,-16.3,0.0,0.05
1799,-16.3,0.0,0.05
1800,-14.5,0.0,0.05
1801,4.900000000000002,1.0,0.05
1802,-17.2,0.0,0.05
1803,13.6,1.0,0.05
1804,-17.199999999999996,0.0,0.05
1805,-22.6,0.0,0.05
1806,-18.1,0.0,0.05
1807,-19.9,0.0,0.05
1808,-22.6,0.0,0.05
1809,-22.6,0.0,0.05
1810,-20.799999999999997,0.0,0.05
1811,-15.4,0.0,0.05
1812,-18.1,0.0,0.05
1813,-20.799999999999997,0.0,0.05
1814,-19.9,0.0,0.05
1815,-19.0,0.0,0.05
1816,-21.7,0.0,0.05
1817,-19.0,0.0,0.05
1818,-19.9,0.0,0.05
1819,-19.0,0.0,0.05
1820,-19.0,0.0,0.05
1821,-20.799999999999997,0.0,0.05
1822,-19.0,0.0,0.05
1823,-19.0,0.0,0.05
1824,-19.9,0.0,0.05
1825,-18.099999999999998,0.0,0.05
1826,9.7,1.0,0.05
1827,6.700000000000003,1.0,0.05
1828,10.3,1.0,0.05
1829,-20.799999999999997,0.0,0.05
1830,-17.2,0.0,0.05
1831,-19.0,0.0,0.05
1832,7.600000000000001,1.0,0.05
1833,6.699999999999999,1.0,0.05
1834,-14.5,0.0,0.05
1835,8.8,1.0,0.05
1836,8.5,1.0,0.05
1837,-19.0,0.0,0.05
1838,-14.5,0.0,0.05
1839,-20.799999999999997,0.0,0.05
1840,-19.9,0.0,0.05
1841,5.200000000000001,1.0,0.05
1842,-21.7,0.0,0.05
1843,-20.799999999999997,0.0,0.05
1844,6.700000000000003,1.0,0.05
1845,-22.6,0.0,0.05
1846,-18.1,0.0,0.05
1847,-19.0,0.0,0.05
1848,-22.6,0.0,0.05
1849,-19.9,0.0,0.05
1850,-18.1,0.0,0.05
1851,-21.7,0.0,0.05
1852,-18.099999999999998,0.0,0.05
1853,-19.9,0.0,0.05
1854,-21.7,0.0,0.05
1855,-18.099999999999998,0.0,0.05
1856,-21.7,0.0,0.05
1857,-21.7,0.0,0.05
1858,-16.299999999999997,0.0,0.05
1859,5.8000000000000025,1.0,0.05
1860,-17.2,0.0,0.05
1861,-22.6,0.0,0.05
1862,7.6,1.0,0.05
1863,-20.799999999999997,0.0,0.05
1864,-14.5,0.0,0.05
1865,-22.6,0.0,0.05
1866,-14.5,0.0,0.05
1867,-19.0,0.0,0.05
1868,-19.9,0.0,0.05
1869,-17.2,0.0,0.05
1870,-19.0,0.0,0.05
1871,-15.399999999999999,0.0,0.05
1872,-17.2,0.0,0.05
1873,-19.0,0.0,0.05
1874,-19.9,0.0,0.05
1875,-17.199999999999996,0.0,0.05
1876,-17.199999999999996,0.0,0.05
1877,-20.799999999999997,0.0,0.05
1878,-17.2,0.0,0.05
1879,-18.1,0.0,0.05
1880,-20.799999999999997,0.0,0.05
1881,-22.6,0.0,0.05
1882,-22.6,0.0,0.05
1883,-19.0,0.0,0.05
1884,-19.9,0.0,0.05
1885,-17.199999999999996,0.0,0.05
1886,-20.799999999999997,0.0,0.05
1887,8.5,1.0,0.05
1888,4.000000000000002,1.0,0.05
1889,-22.6,0.0,0.05
1890,-21.7,0.0,0.05
1891,-19.9,0.0,0.05
1892,6.100000000000001,1.0,0.05
1893,-17.2,0.0,0.05
1894,5.200000000000001,1.0,0.05
1895,-18.1,0.0,0.05
1896,-19.9,0.0,0.05
1897,-19.9,0.0,0.05
1898,-16.299999999999997,0.0,0.05
1899,-19.9,0.0,0.05
1900,-20.799999999999997,0.0,0.05
1901,-18.099999999999998,0.0,0.05
1902,-15.4,0.0,0.05
1903,6.699999999999999,1.0,0.05
1904,9.7,1.0,0.05
1905,-22.6,0.0,0.05
1906,-19.9,0.0,0.05
1907,-20.799999999999997,0.0,0.05
1908,-15.399999999999999,0.0,0.05
1909,-18.099999999999998,0.0,0.05
1910,-20.799999999999997,0.0,0.05
1911,-17.2,0.0,0.05
1912,2.200000000000001,1.0,0.05
1913,-16.3,0.0,0.05
1914,10.3,1.0,0.05
1915,4.8999999999999995,1.0,0.05
1916,-20.799999999999997,0.0,0.05
1917,-17.2,0.0,0.05
1918,-17.199999999999996,0.0,0.05
1919,-19.9,0.0,0.05
1920,-19.9,0.0,0.05
1921,-18.099999999999998,0.0,0.05
1922,-20.799999999999997,0.0,0.05
1923,8.500000000000004,1.0,0.05
1924,-19.0,0.0,0.05
1925,-19.9,0.0,0.05
1926,-21.7,0.0,0.05
1927,-15.4,0.0,0.05
1928,-20.799999999999997,0.0,0.05
1929,4.000000000000002,1.0,0.05
1930,-19.9,0.0,0.05
1931,-20.799999999999997,0.0,0.05
1932,-18.1,0.0,0.05
1933,-15.4,0.0,0.05
1934,-16.3,0.0,0.05
1935,5.8000000000000025,1.0,0.05
1936,-12.7,0.0,0.05
1937,-18.1,0.0,0.05
1938,-19.0,0.0,0.05
1939,-21.7,0.0,0.05
1940,-15.4,0.0,0.05
1941,-19.9,0.0,0.05
1942,-19.0,0.0,0.05
1943,-19.0,0.0,0.05
1944,7.0,1.0,0.05
1945,-22.6,0.0,0.05
1946,-22.6,0.0,0.05
1947,-18.099999999999998,0.0,0.05
1948,-19.9,0.0,0.05
1949,-19.9,0.0,0.05
1950,-17.2,0.0,0.05
1951,-20.799999999999997,0.0,0.05
1952,-21.7,0.0,0.05
1953,-22.6,0.0,0.05
1954,-22.6,0.0,0.05
1955,-16.3,0.0,0.05
1956,7.6,1.0,0.05
1957,-19.0,0.0,0.05
1958,7.0,1.0,0.05
1959,-22.6,0.0,0.05
1960,-19.0,0.0,0.05
1961,-18.099999999999998,0.0,0.05
1962,-19.9,0.0,0.05
1963,-16.299999999999997,0.0,0.05
1964,-21.7,0.0,0.05
1965,-20.799999999999997,0.0,0.05
1966,-19.0,0.0,0.05
1967,-20.799999999999997,0.0,0.05
1968,-19.0,0.0,0.05
1969,-17.199999999999996,0.0,0.05
1970,-21.7,0.0,0.05
1971,-18.099999999999998,0.0,0.05
1972,-20.799999999999997,0.0,0.05
1973,5.800000000000002,1.0,0.05
1974,-19.0,0.0,0.05
1975,-21.7,0.0,0.05
1976,-15.4,0.0,0.05
1977,-22.6,0.0,0.05
1978,-22.6,0.0,0.05
1979,8.5,1.0,0.05
1980,-15.4,0.0,0.05
1981,8.8,1.0,0.05
1982,-19.9,0.0,0.05
1983,-19.0,0.0,0.05
1984,12.399999999999999,1.0,0.05
1985,-17.199999999999996,0.0,0.05
1986,-19.9,0.0,0.05
1987,-19.0,0.0,0.05
1988,7.9,1.0,0.05
1989,-19.9,0.0,0.05
1990,-21.7,0.0,0.05
1991,-13.6,0.0,0.05
1992,-22.6,0.0,0.05
1993,-22.6,0.0,0.05
1994,-20.799999999999997,0.0,0.05
1995,3.0999999999999996,1.0,0.05
1996,-22.6,0.0,0.05
1997,-20.799999999999997,0.0,0.05
1998,-21.7,0.0,0.05
1999,-16.299999999999997,0.0,0.05
2000,-14.5,0.0,0.05
